{"cameraMode":{"drawMode":0,"name":"Shaded","section":"Shading Mode"},"sceneLighting":true,"audioPlay":false,"sceneViewState":{"showFog":false,"showMaterialUpdate":false,"showSkybox":false,"showFlares":false,"showImageEffects":false,"showParticleSystems":false},"in2DMode":false,"pivot":{"x":-5.682052135467529,"y":5.598971366882324,"z":-13.320676803588868},"rotation":{"x":0.19052556157112122,"y":0.0779486745595932,"z":-0.015178210102021695,"w":0.9784800410270691},"size":4.710170745849609,"orthographic":false}