{"cameraMode":{"drawMode":0,"name":"Shaded","section":"Shading Mode"},"sceneLighting":true,"audioPlay":false,"sceneViewState":{"showFog":false,"showMaterialUpdate":false,"showSkybox":false,"showFlares":false,"showImageEffects":false,"showParticleSystems":false},"in2DMode":false,"pivot":{"x":-6.983665466308594,"y":3.0366263389587404,"z":3.872622489929199},"rotation":{"x":0.008367633447051049,"y":0.9859746098518372,"z":-0.1584179401397705,"w":0.05211019888520241},"size":7.164957523345947,"orthographic":false}