{"cameraMode":{"drawMode":0,"name":"Shaded","section":"Shading Mode"},"sceneLighting":true,"audioPlay":false,"sceneViewState":{"showFog":false,"showMaterialUpdate":false,"showSkybox":false,"showFlares":false,"showImageEffects":false,"showParticleSystems":false},"in2DMode":false,"pivot":{"x":4.218136310577393,"y":1.1459598541259766,"z":-5.995889186859131},"rotation":{"x":-0.097549669444561,"y":-0.9011307954788208,"z":0.2716645300388336,"w":-0.32354214787483218},"size":15.277631759643555,"orthographic":false}