{"cameraMode":{"drawMode":0,"name":"Shaded","section":"Shading Mode"},"sceneLighting":true,"audioPlay":false,"sceneViewState":{"showFog":false,"showMaterialUpdate":false,"showSkybox":false,"showFlares":false,"showImageEffects":false,"showParticleSystems":false},"in2DMode":false,"pivot":{"x":4.114104270935059,"y":1.60752272605896,"z":-7.945723056793213},"rotation":{"x":0.14532248675823213,"y":0.7873897552490234,"z":-0.2029874324798584,"w":0.5636705756187439},"size":7.288017272949219,"orthographic":false}