{"cameraMode":{"drawMode":0,"name":"Shaded","section":"Shading Mode"},"sceneLighting":true,"audioPlay":false,"sceneViewState":{"showFog":false,"showMaterialUpdate":false,"showSkybox":false,"showFlares":false,"showImageEffects":false,"showParticleSystems":false},"in2DMode":false,"pivot":{"x":-13.965478897094727,"y":4.29254674911499,"z":3.8738107681274416},"rotation":{"x":0.020119627937674524,"y":0.9783502221107483,"z":-0.11530014127492905,"w":0.17076413333415986},"size":1.7283847332000733,"orthographic":false}