{"cameraMode":{"drawMode":0,"name":"Shaded","section":"Shading Mode"},"sceneLighting":true,"audioPlay":false,"sceneViewState":{"showFog":false,"showMaterialUpdate":false,"showSkybox":false,"showFlares":false,"showImageEffects":false,"showParticleSystems":false},"in2DMode":false,"pivot":{"x":0.040355682373046878,"y":7.738107681274414,"z":-9.96863079071045},"rotation":{"x":0.11279449611902237,"y":0.8501847982406616,"z":-0.20293401181697846,"w":0.47254985570907595},"size":17.47176170349121,"orthographic":false}