{"cameraMode":{"drawMode":0,"name":"Shaded","section":"Shading Mode"},"sceneLighting":true,"audioPlay":false,"sceneViewState":{"showFog":false,"showMaterialUpdate":false,"showSkybox":false,"showFlares":false,"showImageEffects":false,"showParticleSystems":false},"in2DMode":false,"pivot":{"x":1.262574553489685,"y":0.3024999499320984,"z":-0.8737474083900452},"rotation":{"x":0.11279449611902237,"y":0.8501847982406616,"z":-0.20293401181697846,"w":0.47254985570907595},"size":3.0755715370178224,"orthographic":false}